"Gene.symbol","Affymetrix.probe.ID_calligaris_puma","Gene.name_calligaris_puma","logFC_calligaris","p.Values_calligaris_puma","Row.names_manzanares","logFC_manzanares","AveExpr_manzanares","t_manzanares","P.Value_manzanares","adj.P.Val_manzanares","B_manzanares"
"AASDHPPT","202170_s_at","aminoadipate-semialdehyde dehydrogenase- phosphopantetheinyl transferase",-0.200729462,"0,000217083","TC1100008955.hg.1",0.0564233148411367,6.64694825640844,0.591018558594093,0.557738065026174,0.894577932156854,-5.64882108230221
"ABCG5","220383_at","ATP-binding cassette, sub-family G (WHITE), member 5",0.635660741,"0,003756643","TC0200012417.hg.1",-0.0105184386394979,4.28019961057217,-0.12549285198085,0.900744015234318,0.98312880721593,-5.80389594583536
"ABLIM1","200965_s_at","actin binding LIM protein 1",-0.224575067,"0,002250916","TC1000011904.hg.1",-0.278144597369339,9.95416835065726,-2.67186754374747,0.0107566463756863,0.326185562418439,-2.75831568061919
"ACACA","212186_at","acetyl-Coenzyme A carboxylase alpha",-0.216541587,"0,001462758","TC1700010488.hg.1",-0.0804482299912174,6.39270239820942,-0.824984280968149,0.414133733767932,0.828160589452481,-5.49613234492346
"ACRV1","207990_x_at","acrosomal vesicle protein 1",0.625356194,"0,000853422","TC1100012712.hg.1",-0.133582970775311,4.04674337852319,-1.70851973275622,0.0950678510027208,0.561866217736106,-4.49780243667177
"AHCYL1","207464_at","S-adenosylhomocysteine hydrolase-like 1",-0.289943667,"0,00776576","TC0100009365.hg.1",0.0888591325017847,8.16402405803758,1.05048299981148,0.299621613434922,0.770623908788445,-5.30311920110344
"ALG8","203545_at","'asparagine-linked glycosylation 8, alpha-1,3-glucosyltransferase homolog (S. cerevisiae)'",-0.196360591,"0,008816012","TC1100011739.hg.1",0.0164497638848275,5.4322522418509,0.174738197100775,0.862141600539999,0.973356621292959,-5.79699327638654
"ANXA9","210085_s_at","annexin A9",-1.14117166,"8,53377E-05","TC0100009934.hg.1",0.0432187707565358,6.15878016725887,0.563255826873004,0.576314811738759,0.899855024762942,-5.66366073902558
"APBA2","209871_s_at","amyloid beta (A4)precursor protein-binding, family A,member2",-0.349285391,"0,00477428","TC1500006683.hg.1",-0.0506989567065777,8.44342692663511,-0.638750396703216,0.526522047458098,0.88196746169876,-5.62167119928766
"APLP2","214875_x_at","amyloid beta (A4) precursor-like protein 2",0.227399027,"0,006115735","TC1100009521.hg.1",0.483611689966163,10.0735187529648,2.64334769601892,0.0115595170284342,0.331271972903922,-2.8178670098311
"AQP3","39248_at","aquaporin 3 (Gill blood group)",-0.171771672,"0,008376573","TC0900009860.hg.1",-0.544927220794766,7.35465973928391,-7.66330046559655,1.8843459102015e-09,3.40897018614553e-05,10.3917157039589
"AQP6","216219_at","aquaporin 6, kidney specific",0.416107628,"0,003273055","TC1200007593.hg.1",0.00273802528732381,6.05187367237147,0.0417920133390611,0.966866467852043,0.993952794062468,-5.81043549499056
"B3GALT2","210121_at","'UDP-Gal:betaGlcNAc beta 1,3-galactosyltransferase, polypeptide 2'",-0.434610925,"0,009545439","TC0100016794.hg.1",-0.0416932909979718,5.85963685201656,-0.435860624274894,0.665214103802521,0.925581772225716,-5.72272571704304
"BAALC","218899_s_at","brain and acute leukemia, cytoplasmic",-0.481385196,"0,001423021","TC0800008474.hg.1",-0.0762414793487392,4.43846214575062,-1.05804643865243,0.296201138164152,0.768805565355477,-5.29588207145081
"BDH1","211715_s_at","3-hydroxybutyrate dehydrogenase, type 1",-0.281854344,"0,003378891","TC0300013751.hg.1",-0.137863558874252,6.14397890430151,-1.23103917274096,0.225292637819331,0.714872083486621,-5.11712610380088
"BRD3","203825_at","bromodomain containing 3",-0.278761111,"0,002575541","TC0900011872.hg.1",0.0329614855496099,7.79609275726492,0.58922001130655,0.558932316151798,0.894577932156854,-5.6498036758492
"BTNL3","217207_s_at","butyrophilin-like 3",2.576512829,"0,00813886","TC0500009749.hg.1",-0.0657322581061063,4.8653021086332,-0.65892369068435,0.513612367927935,0.874520076108896,-5.60957647011688
"C18orf25","217539_at","chromosome 18 open reading frame 25",-0.326483672,"0,006061989","TC1800007218.hg.1",0.0370412103863451,8.44982656435254,0.529842223500963,0.599066447801789,0.906187156532897,-5.6805895158665
"C1orf21","221272_s_at","chromosome 1 open reading frame 21",0.294817026,"0,00662324","TC0100010887.hg.1",0.446546498002098,7.2299490221796,2.72047498453917,0.00950573831145356,0.321106474277002,-2.65583130271085
"C21orf2","203996_s_at","chromosome 21 open reading frame 2",-0.286726183,"0,003423145","TC2100008357.hg.1",-0.0581873930743495,7.38693158007696,-0.811973371757438,0.421475637392208,0.831325311389275,-5.50590873373389
"CBX5","209715_at","chromobox homolog 5 (HP1 alpha homolog, Drosophila)",-0.466356561,"5,66874E-08","TC1200010833.hg.1",-0.057484433116849,7.53263263645752,-0.647230294331037,0.521074566569239,0.878986512047492,-5.61663195356955
"CBY1","203450_at","chibby homolog 1 (Drosophila)",-0.136339732,"0,009952094","TC2200007360.hg.1",-0.0980665535176033,5.3007703560158,-1.15773706885676,0.253641923822562,0.735476205140884,-5.19594504869816
"CCDC85B","204610_s_at","coiled-coil domain containing 85B",-0.325985406,"0,003305389","TC1100008042.hg.1",-0.103058067550617,5.41325436856657,-1.41896067621516,0.163435046821979,0.656571061534964,-4.89487786098279
"CCDC9","206257_at","coiled-coil domain containing 9",-0.32808322,"0,008590667","TC1900008415.hg.1",0.189900338035975,6.66465075732453,2.13648779655683,0.0386290727469832,0.445144224672503,-3.79860018708108
"CCR9","207445_s_at","chemokine (C-C motif) receptor 9",-0.485330289,"0,002846486","TC0300007247.hg.1",-0.14354128586129,5.73694482178756,-2.09420367372877,0.0424376932085722,0.458083717349419,-3.87326647383467
"CD163","215049_x_at","CD163 molecule",0.279963425,"0,000956214","TC1200012749.hg.1",0.200413136221051,7.25726782191799,1.6111886035788,0.114777603522741,0.594457951711967,-4.63844653877384
"CD163","203645_s_at","CD163 molecule",0.335349142,"0,000103353","TC1200012749.hg.1",0.200413136221051,7.25726782191799,1.6111886035788,0.114777603522741,0.594457951711967,-4.63844653877384
"CD1D","205789_at","CD1d molecule",0.214021289,"0,006000346","TC0100010227.hg.1",-0.169575235913443,8.26386098960319,-2.55676291480844,0.0143464332889667,0.346055099507595,-2.99597060156919
"CD22","204581_at","CD22 molecule",-0.419367055,"0,004132178","TC1900007850.hg.1",-0.164797778899446,7.66420897211094,-0.645532925627475,0.522162542205235,0.87962962134932,-5.61764583262605
"CD248","219025_at","CD248 molecule, endosialin",-1.116191982,"0,00028425","TC1100011282.hg.1",0.0348286630241214,5.2276675564986,0.503696642294783,0.617158488141794,0.91321889489393,-5.69312469207331
"CD40","215346_at","CD40 molecule, TNF receptor superfamily member 5",-0.28989747,"0,003884121","TC2000007519.hg.1",-0.142568230578275,6.43958090967086,-1.3814699868736,0.174584079597111,0.669697981102953,-4.94150033208877
"CD96","206761_at","CD96 molecule",-0.317799185,"0,005999151","TC0300008320.hg.1",-0.0451717898725557,9.81935509976099,-0.518925117287109,0.606590512302803,0.90949607072827,-5.68589962224841
"CEBPD","213006_at","CCAAT/enhancer binding protein (C/EBP), delta",0.394699181,"0,000127742","TC0800010357.hg.1",0.23331951541195,7.12784345019118,3.20688246397413,0.00259598938544823,0.222334677514072,-1.56723264311858
"CHD3","208806_at","chromodomain helicase DNA binding protein 3",-0.203416965,"0,009796176","TC1700006775.hg.1",-0.100736611674996,8.24272483939071,-1.33236184449456,0.190067316574595,0.685507939424044,-5.00086040040052
"CHRNE","207274_at","cholinergic receptor, nicotinic, epsilon",0.291246084,"0,006023634","TC1700009535.hg.1",0.12356268792994,5.53419651974149,0.69167733417519,0.493021224077927,0.86676615904545,-5.58915718829993
"CLEC4M","207995_s_at","C-type lectin domain family 4, member M",0.591580309,"0,002930408","TC1900006856.hg.1",-0.0535859998646981,5.68285031114006,-0.788308387908769,0.435030757828384,0.838051479062219,-5.52330558021754
"CMKLR1","207652_s_at","chemokine-like receptor 1",0.471898613,"5,14479E-05","TC1200011838.hg.1",0.150941601249168,7.8829049053467,0.945712275957864,0.349811396143405,0.797936952166227,-5.39830508563583
"CNNM4","218900_at","cyclin M4",0.158079757,"0,006591928","TC0200016494.hg.1",-0.0211628244068346,6.85929074415475,-0.356371980272152,0.723381378084152,0.941150126639367,-5.75202146902704
"COG5","203630_s_at","component of oligomeric golgi complex 5",-0.323793923,"0,001287931","TC0700012203.hg.1",0.0253021502951908,9.70185691556022,0.38414004541375,0.70285101830056,0.934878153964813,-5.74245025640868
"CORO2B","209789_at","coronin, actin binding protein, 2B",-0.695919622,"0,004741575","TC1500007677.hg.1",0.0479672711456947,4.09091489680285,0.426783236691982,0.671760134566334,0.92767282298448,-5.7263659074201
"CPM","206100_at","carboxypeptidase M",0.345007902,"0,003965472","TC1200011207.hg.1",0.323355535863656,5.26294832967328,1.94194598043906,0.0590049746782091,0.498689827123601,-4.13223280924868
"CREM","207630_s_at","cAMP responsive element modulator",0.258012321,"0,004343762","TC1000007272.hg.1",0.0636112390635814,6.18115995760686,0.441073413430264,0.661466857986556,0.924043924383762,-5.72060101550396
"CRIP2","208978_at","cysteine-rich protein 2",-0.938311947,"0,002183632","TC1400008486.hg.1",-0.122290307115227,5.91871939018851,-1.839445610967,0.0730661918187562,0.519170458775153,-4.29756773253469
"CSNK2A1","212075_s_at","casein kinase 2, alpha 1 polypeptide",0.269084816,"0,007665417","TC2000009959.hg.1",0.132330119209578,9.04117743480954,1.60710788272576,0.1156719318515,0.595552949235849,-4.6441870469942
"CTSZ","210042_s_at","cathepsin Z",0.279771021,"0,003444137","TC2000009646.hg.1",0.218777473788455,9.87378657132606,2.13738949796431,0.0385512419949751,0.445144224672503,-3.79699521323154
"CTSZ","212562_s_at","Cathepsin Z precursor (CTSZ)",0.385954838,"0,000301618","TC2000009646.hg.1",0.218777473788455,9.87378657132606,2.13738949796431,0.0385512419949751,0.445144224672503,-3.79699521323154
"CYB5A","215726_s_at","cytochrome b5 type A (microsomal)",-0.266627132,"0,000976392","TC1800009029.hg.1",-0.168141300948957,5.33659470190331,-1.93161229027688,0.0603083762996308,0.4988315254264,-4.1492351000198
"CYP1B1","202436_s_at","cytochrome P450, family 1, subfamily B, polypeptide 1",0.528002989,"0,000197309","TC0200016651.hg.1",0.354610100955073,7.29531920531246,1.68691118061798,0.0991823404168012,0.569020954954771,-4.52964008146689
"CYP1B1","202435_s_at","cytochrome P450, family 1, subfamily B, polypeptide 1",0.425163769,"0,003173176","TC0200016651.hg.1",0.354610100955073,7.29531920531246,1.68691118061798,0.0991823404168012,0.569020954954771,-4.52964008146689
"DDX18","208895_s_at","DEAD (Asp-Glu-Ala-Asp) box polypeptide 18",-0.204418024,"0,002287737","TC0200009041.hg.1",0.0453979895070702,7.9848541360416,0.656899570057858,0.514899931500318,0.875228287209645,-5.61080660868107
"DDX51","214968_at","DEAD (Asp-Glu-Ala-Asp) box polypeptide 51",-0.555371762,"0,00962018","TC1200012512.hg.1",0.0593497422573396,6.08245492881408,0.925691712762858,0.359999269605675,0.802293643009388,-5.41541145546596
"DGKI","206806_at","diacylglycerol kinase, iota",0.510941137,"0,004232878","TC0700012731.hg.1",0.082333054554739,4.36395664649779,1.33955339768424,0.187736450927054,0.683368236161235,-4.99228939816876
"DLGAP4","202570_s_at","discs, large (Drosophila) homolog-associated protein 4",0.329113612,"0,0002271","TC2000007246.hg.1",0.0210986285435424,6.57582922710885,0.28908705452871,0.773965073984677,0.950982133194033,-5.77225360723567
"DMBT1","208250_s_at","deleted in malignant brain tumors 1",0.641287515,"0,000736787","TC1000009155.hg.1",0.0419218780948209,4.7982838357157,0.627683593788256,0.533676456639461,0.88381003085541,-5.6281498842166
"DOCK10","215151_at","dedicator of cytokinesis 10",-0.303841791,"0,000247385","TC0200015893.hg.1",0.0107253769723475,10.1230533540311,0.112357948949249,0.911085489029926,0.984183998978606,-5.80535486239781
"DOCK10","215151_at","dedicator of cytokinesis 10",-0.303841791,"0,000247385","TC0200015894.hg.1",-0.0531149903617796,6.60884384389421,-0.384639964183361,0.702483398966606,0.934834200549595,-5.74227141380793
"DPP4","203716_s_at","dipeptidyl-peptidase 4",-0.228421293,"0,006060235","TC0200014764.hg.1",-0.395505292645494,6.83476842537746,-2.35938163210356,0.0231272516708281,0.382961963041004,-3.38617653314633
"DPP4","203716_s_at","dipeptidyl-peptidase 4",-0.228421293,"0,006060235","TC0200014765.hg.1",-0.233059261460668,5.6402594104449,-1.82378332915263,0.0754475685826673,0.52397851401957,-4.32217550791031
"DTNB","215295_at","dystrobrevin, beta",-0.849038676,"0,000778437","TC0200012009.hg.1",-0.174777692271211,5.7858233850874,-1.45442972182032,0.153406987189027,0.643682656524362,-4.84973848009222
"DUSP1","201041_s_at","dual specificity phosphatase 1",0.220084077,"0,003955571","TC0500012842.hg.1",1.04444492442497,10.3370316815033,3.15801515805231,0.0029714134435644,0.237129890381454,-1.681386931376
"DUSP6","208893_s_at","dual specificity phosphatase 6",0.453386791,"7,4754E-05","TC1200011470.hg.1",0.330740105726288,9.28715709857738,1.64190217793558,0.10822603677495,0.586844683846405,-4.59483497763039
"ENC1","201340_s_at","ectodermal-neural cortex (with BTB-like domain)",0.626294754,"0,000877435","TC0500011146.hg.1",0.174208045212153,6.40866771074484,1.53652133841128,0.132058853893507,0.61734796815199,-4.74146568247813
"ETFDH","33494_at","electron-transferring-flavoprotein dehydrogenase",0.206783093,"0,001313642","TC0400009132.hg.1",-0.0816465038075047,6.87681994903789,-0.894245530783435,0.376387168788667,0.810973991000974,-5.44157348131645
"ETFDH","205530_at","electron-transferring-flavoprotein dehydrogenase",0.245452971,"0,000493292","TC0400009132.hg.1",-0.0816465038075047,6.87681994903789,-0.894245530783435,0.376387168788667,0.810973991000974,-5.44157348131645
"EXT1","201995_at","exostoses (multiple) 1",0.206942896,"0,00965575","TC0800011597.hg.1",-0.00827020794568884,6.08548630832967,-0.0754006088362275,0.940261069305614,0.990589488745152,-5.80859569889322
"EXT1","201995_at","exostoses (multiple) 1",0.206942896,"0,00965575","TC0800011579.hg.1",0.188802524391052,6.38194597290316,1.30741585128854,0.198323999999288,0.692049028841964,-5.03026558088931
"EXT1","201995_at","exostoses (multiple) 1",0.206942896,"0,00965575","TC0800011595.hg.1",-0.052591824740153,6.33163425542649,-0.372050715374815,0.711762760518829,0.937871391567168,-5.74670484448333
"EZH1","211310_at","enhancer of zeste homolog 1 (Drosophila)",-0.344283389,"0,001732969","TC1700010738.hg.1",-0.00944579518128962,7.91673749658071,-0.103660936258496,0.917941606368198,0.98580708555785,-5.80623224592765
"FAM102A","212400_at","family with sequence similarity 102, member A",-0.265637996,"0,003038778","TC0900011613.hg.1",-0.380543636448069,8.17266075229681,-3.34698796406192,0.00175320067414432,0.194583763165306,-1.23463561487372
"FAM102A","212400_at","family with sequence similarity 102, member A",-0.265637996,"0,003038778","TC0900008836.hg.1",-0.313957499542215,6.80767244546698,-3.51256107384766,0.00109203691182216,0.156424350159096,-0.832083612875334
"FAM168A","212357_at","family with sequence similarity 168, member A",0.191133998,"0,004661274","TC1100011587.hg.1",-0.0812327281458962,6.34643628488351,-0.916614712175492,0.364681313882751,0.804272784280489,-5.42305197944684
"FEM1B","212374_at","fem-1 homolog b (C. elegans)",0.23284695,"0,008189826","TC1500007671.hg.1",0.0615479007292057,8.69384274483141,0.600323558846038,0.551580097660756,0.89285640298718,-5.64369057909009
"FGFR1OP","205587_at","FGFR1 oncogene partner",-0.361935252,"0,008899023","TC0600014202.hg.1",-0.0725348588131854,7.13766736354865,-1.04640160092075,0.301478682056568,0.771513255136381,-5.30700417508048
"FKBP5","204560_at","FK506 binding protein 5",0.358924107,"0,009002514","TC0600011635.hg.1",0.236267672439448,9.55789329815932,1.7821473783972,0.0820993629296006,0.538044717516503,-4.38673318167863
"FLT3","206674_at","fms-related tyrosine kinase 3",0.354349815,"0,001493866","TC1300008453.hg.1",0.122694994309559,3.94616993959139,1.23196625797291,0.224949740299758,0.714262673028247,-5.11610059798097
"FLT3LG","210607_at","fms-related tyrosine kinase 3 ligand",-0.432410714,"0,000397135","TC1900011779.hg.1",-0.274116503900117,8.04025689183501,-4.01842578338642,0.000243191957983787,0.0977685713752152,0.451865126223998
"FOXD1","206307_s_at","forkhead box D1",0.572579113,"0,005056677","TC0500011121.hg.1",-0.100641034981018,5.33885505078733,-1.64633516424585,0.107306264998013,0.585188390379717,-4.58848145130453
"GCM2","220799_at","glial cells missing homolog 2 (Drosophila)",0.325044024,"0,008484862","TC0600010799.hg.1",-0.0482738217554008,5.15927127232764,-0.536297552534982,0.594638166907062,0.905140856332828,-5.67739838535822
"GNAO1","204762_s_at","guanine nucleotide binding protein (G protein), alpha activating activity polypeptide O",0.285308185,"0,005641332","TC1600007944.hg.1",0.113837471620039,6.68698619040339,1.02320350323795,0.312184755412961,0.77759480953257,-5.32881445359069
"GOLGA1","214997_at","CDNA clone IMAGE:5285458",-0.339527541,"0,001901639","TC0900012275.hg.1",-0.0348158240032705,6.45033680721069,-0.487591823524733,0.628424705727254,0.914448518482848,-5.7005344901289
"GON4L","219846_at","gon-4-like (C. elegans)",-0.360815723,"0,005206435","TC0100015971.hg.1",0.00409280154576824,9.76289904117652,0.0565962969615743,0.955140491722907,0.992155180513512,-5.80975509516619
"GPR153","64942_at","G protein-coupled receptor 153",0.266278797,"0,003479779","TC0100012674.hg.1",0.015812919411038,6.66377853598383,0.286950318265103,0.77558921043989,0.95135634628223,-5.772827343748
"GPR17","206190_at","G protein-coupled receptor 17",-0.622058564,"0,008578201","TC0200009221.hg.1",-0.0367406582389387,6.08960656917633,-0.566922720228278,0.573843932637496,0.898908764077376,-5.66174093546658
"H2AFY","214500_at","H2A histone family, member Y",0.312225257,"0,00143456","TC0500012100.hg.1",0.0784095828741671,9.40456400379547,0.952708166167431,0.346296543482025,0.795851177736584,-5.3922452062138
"HDAC6","211722_s_at","histone deacetylase 6",0.423101669,"0,007677094","TC0X00009629.hg.1",-0.151121988339788,6.80579265173874,-1.87600594215482,0.0677544432832399,0.509591428643632,-4.23944507920238
"HDAC6","211722_s_at","histone deacetylase 6",0.423101669,"0,007677094","TC0X00007205.hg.1",-0.0561682156129284,7.33435773517672,-0.769170768537863,0.446181134159665,0.842505889330532,-5.5370100058052
"HEATR6","218991_at","HEAT repeat containing 6",0.19490177,"0,004788041","TC1700011305.hg.1",0.00766964182336538,7.95055078466178,0.0727106308706842,0.942388389105376,0.990827469961526,-5.80878179423079
"HELLS","220085_at","helicase, lymphoid-specific",-0.34642368,"0,006100818","TC1000012477.hg.1",0.00223874163816157,4.56651859724421,0.0192785593985126,0.984711990668732,0.99763453772041,-5.81107777389162
"HERPUD1","217168_s_at","'homocysteine-inducible, endoplasmic reticulum stress- inducible, ubiquitin-like domain member 1'",0.142395055,"0,00178268","TC1600007982.hg.1",0.167688356076358,8.77614834580102,1.30779885137098,0.198195209560849,0.692005029623719,-5.02981795012056
"HIP1R","209558_s_at","huntingtin interacting protein 1 related",-0.372127988,"0,004112271","TC1200009221.hg.1",-0.11763465480484,6.41278242655664,-1.29037466446456,0.204118808513784,0.696758451600866,-5.05006114414617
"HIP1R","209558_s_at","huntingtin interacting protein 1 related",-0.372127988,"0,004112271","TC1200009222.hg.1",-0.0653229009102127,6.17130594484834,-0.817840545739732,0.418155105271415,0.830242934514166,-5.50151871192633
"HLA-G","211528_x_at","major histocompatibility complex, class I, G",0.260269689,"0,000389438","TC0600007487.hg.1",0.0957454361262057,10.1595387180586,1.53200082191537,0.133168901877848,0.617574622884429,-4.74756475120951
"HLA-G","211529_x_at","major histocompatibility complex, class I, G",0.285387853,"0,00046583","TC0600007487.hg.1",0.0957454361262057,10.1595387180586,1.53200082191537,0.133168901877848,0.617574622884429,-4.74756475120951
"HLA-G","210514_x_at","major histocompatibility complex, class I, G",0.232489798,"0,005993239","TC0600007487.hg.1",0.0957454361262057,10.1595387180586,1.53200082191537,0.133168901877848,0.617574622884429,-4.74756475120951
"HMGA1","206074_s_at","high mobility group AT-hook 1",-0.230716771,"0,005667789","TC0600007748.hg.1",-0.00642118323873151,8.2476890053941,-0.136830404164142,0.891831602284991,0.981036453662761,-5.80250720856203
"HPCAL4","219671_at","hippocalcin like 4",-0.450659118,"0,001216453","TC0100013802.hg.1",-0.0736823901576463,6.56166744801425,-1.05616070366784,0.297051394016748,0.769587591246831,-5.2976910301063
"HRG","206226_at","histidine-rich glycoprotein",0.626045518,"0,003794371","TC0300009774.hg.1",-0.0500239018158109,4.40977971304486,-0.543748204779818,0.58954646580958,0.903849627878182,-5.67366791664784
"ICAM1","215485_s_at","intercellular adhesion molecule 1",0.246284716,"0,008653038","TC1900006977.hg.1",0.254333337997229,8.22925193955244,1.49196008010246,0.143331005503799,0.631859831454801,-4.80089340512018
"IL18R1","206618_at","interleukin 18 receptor 1",0.438266711,"0,001285442","TC0200016502.hg.1",0.229776349887413,5.72430540379819,1.92141262746275,0.061619058623665,0.502009550511736,-4.16594406398051
"IL1RN","212659_s_at","interleukin 1 receptor antagonist",0.48822024,"0,000721395","TC0200016511.hg.1",0.651187687913948,6.63860544855122,2.03491418472118,0.0483307711095855,0.475785930511727,-3.97597007203391
"IL21R","219971_at","interleukin 21 receptor",-0.220840628,"0,008036557","TC1600007315.hg.1",-0.066160097133293,5.21233847569391,-0.635879571044134,0.528373074669513,0.882171206785258,-5.62336247416367
"ING1","210350_x_at","inhibitor of growth family, member 1",0.35863245,"0,006010631","TC1300008025.hg.1",-0.0124759339623536,6.42668795214575,-0.180866403249108,0.857359620094146,0.972056696517439,-5.795976091794
"INPP4A","204553_x_at","inositol polyphosphate-4-phosphatase, type I, 107kDa",0.154705415,"0,009229342","TC0200008569.hg.1",0.023034212307309,7.57994511407409,0.32345834636775,0.74798501205478,0.945780466950889,-5.76244251213131
"INPP4B","205376_at","inositol polyphosphate-4-phosphatase, type II, 105kDa",-0.229690301,"0,007667837","TC0400011994.hg.1",-0.0664232490237678,6.2874221171555,-0.3459448881116,0.731145265840777,0.941989287969334,-5.75543139550917
"INPP5B","213804_at","inositol polyphosphate-5-phosphatase, 75kDa",-0.336355767,"0,003499911","TC0100013758.hg.1",0.0892928357029032,7.12764698848894,0.958379378338846,0.343464403996705,0.794602736561983,-5.38730153605836
"INTS1","212210_at","integrator complex subunit 1",0.737172414,"0,005993643","TC0700006512.hg.1",-0.0601735397348385,4.42439006186447,-0.583037114259511,0.563047609196256,0.895969987107125,-5.65315912356498
"INTS1","212210_at","integrator complex subunit 1",0.737172414,"0,005993643","TC0700010015.hg.1",-0.21620623979733,6.52475787226871,-2.62521909158628,0.0120981396086598,0.331271972903922,-2.85549459814358
"ISG20L2","212766_s_at","interferon stimulated exonuclease gene 20kDa-like 2",-0.138246408,"0,009785639","TC0100016020.hg.1",-0.106481788733914,8.10615629810329,-1.10511356569619,0.27552511832293,0.753176928918121,-5.24974868461678
"KCNK1","204679_at","potassium channel, subfamily K, member 1",0.354192865,"0,008005695","TC0100012006.hg.1",-0.0821300001983896,5.50952963220503,-1.19535367831719,0.238787046965926,0.72624924414882,-5.15605744046638
"KCNK1","204679_at","potassium channel, subfamily K, member 1",0.354192865,"0,008005695","TC0100012008.hg.1",-0.147122300925819,3.92874007991228,-1.36244442084614,0.180462750792217,0.674930604095525,-4.96472873875702
"KIAA1033","212794_s_at","KIAA1033",0.1395113,"0,004238224","TC1200008707.hg.1",-0.0576191315206898,7.47149188761855,-0.743898174358591,0.46116158039728,0.848097018437526,-5.55460724101563
"KIAA1033","212794_s_at","KIAA1033",0.1395113,"0,004238224","TC1200008706.hg.1",0.209086538924682,8.2785889238115,1.87634793504305,0.0677063525510684,0.509591428643632,-4.23889691007939
"KIDINS220","212162_at","kinase D-interacting substrate, 220kDa",0.232692954,"0,002391666","TC0200016624.hg.1",0.182500650479848,8.79669092377693,2.55702312401602,0.0143372074317696,0.346055099507595,-2.99544151931045
"KIDINS220","212162_at","kinase D-interacting substrate, 220kDa",0.232692954,"0,002391666","TC0200011670.hg.1",0.00630672423867638,4.56468232795466,0.0649527818118539,0.948525873619914,0.991688740401966,-5.80928064083482
"KIDINS220","212162_at","kinase D-interacting substrate, 220kDa",0.232692954,"0,002391666","TC0200016623.hg.1",-0.0778444215505243,5.44090674684242,-0.937305865712447,0.354065856531774,0.799513971237895,-5.40553041041028
"KIF1C","209245_s_at","kinesin family member 1C",-0.542430857,"0,005885563","TC1700006660.hg.1",0.124148565562158,6.03483941995958,1.75010992503599,0.0875474291679209,0.546860953394488,-4.43555139965484
"KIF24","220652_at","kinesin family member 24",0.530692715,"0,00202485","TC0900009892.hg.1",-0.00560085341773123,4.6038210967058,-0.0696954959401769,0.944773359142791,0.991236724482528,-5.80898235173988
"KLC2","218906_x_at","kinesin light chain 2",-0.547975676,"0,000179074","TC1100008065.hg.1",-0.0805063544462485,6.37421104362778,-1.20274391369951,0.235944938734144,0.723839221068237,-5.14808201315839
"KLHL22","222141_at","kelch-like 22 (Drosophila)",-0.229908614,"0,005904523","TC2200009317.hg.1",-0.0310673926790954,7.14062407787969,-0.515570082130336,0.608911569895723,0.910171548191696,-5.68750962696018
"KPNA6","212101_at","karyopherin alpha 6 (importin alpha 7)",-0.149813243,"0,008828397","TC0100007666.hg.1",-0.00788958605224618,5.54534547256678,-0.0641711987104343,0.949144391145294,0.991688740401966,-5.80932778152467
"KPNA6","212101_at","karyopherin alpha 6 (importin alpha 7)",-0.149813243,"0,008828397","TC0100007662.hg.1",0.0971896186503888,8.20029626731837,1.40851181311088,0.166484945650811,0.66122043067766,-4.90798475797418
"LDLRAP1","221790_s_at","low density lipoprotein receptor adaptor protein 1",-0.238946582,"0,009534002","TC0100007406.hg.1",-0.162433889043183,9.15553664461747,-1.20006527207267,0.236972200839381,0.724321475761204,-5.15097802289718
"LPL","203548_s_at","lipoprotein lipase",0.695863327,"0,000616339","TC0800006927.hg.1",-0.0915461299287175,5.51189779379891,-1.06572090932226,0.292758237666612,0.76592753764943,-5.28848870341183
"LPL","203549_s_at","lipoprotein lipase",0.705629582,"0,002462286","TC0800006927.hg.1",-0.0915461299287175,5.51189779379891,-1.06572090932226,0.292758237666612,0.76592753764943,-5.28848870341183
"LRCH3","214739_at","'leucine-rich repeats and calponin homology (CH) domain containing 3'",-0.232108596,"0,000625629","TC0300010068.hg.1",0.000263930219389607,8.60639512440979,0.00493222424080138,0.996088485673016,0.999668923316804,-5.81124003305495
"LRRN3","209841_s_at","leucine rich repeat neuronal 3",-0.531186942,"0,007449328","TC0700008809.hg.1",-0.447558857220927,6.86408497152662,-2.20658881824823,0.0329757541433577,0.421898421646028,-3.67225914776795
"LTB","207339_s_at","lymphotoxin beta (TNF superfamily, member 3)",-0.291010536,"0,001148496","TC0600011438.hg.1",-0.440390537238761,8.85088292186646,-4.68492864563439,3.04674229715256e-05,0.0423989345367592,2.23396733646587
"MAN1C1","214180_at","mannosidase, alpha, class 1C, member 1",-0.454728243,"0,000295329","TC0100007412.hg.1",-0.235786145688597,6.53947973859954,-2.18678260583388,0.0344935687820872,0.42976801159555,-3.70827495693722
"MAST4","222348_at","KIAA0303 gene",-0.27403997,"0,003000198","TC0500007623.hg.1",-0.270237534395555,6.92502051432812,-2.45070797212421,0.0185913739512584,0.364421481616019,-3.20843444914927
"MCF2L","212935_at","MCF.2 cell line derived transforming sequence-like",-0.399163398,"0,005743264","TC1300010005.hg.1",-0.026768389511688,4.58906568972638,-0.274186936926351,0.785311643996948,0.954155519991387,-5.77616616993264
"MCF2L","212935_at","MCF.2 cell line derived transforming sequence-like",-0.399163398,"0,005743264","TC1300010006.hg.1",-0.0836826958802446,5.31543752079888,-0.890368274635747,0.378440339822527,0.812695423445414,-5.44473923461976
"MCF2L","35147_at","MCF.2 cell line derived transforming sequence-like",-0.311114432,"0,007411365","TC1300010005.hg.1",-0.026768389511688,4.58906568972638,-0.274186936926351,0.785311643996948,0.954155519991387,-5.77616616993264
"MCF2L","35147_at","MCF.2 cell line derived transforming sequence-like",-0.311114432,"0,007411365","TC1300010006.hg.1",-0.0836826958802446,5.31543752079888,-0.890368274635747,0.378440339822527,0.812695423445414,-5.44473923461976
"MCM4","212142_at","minichromosome maintenance complex component 4",0.946242543,"0,003305126","TC0800007552.hg.1",-0.0298569658397946,6.72299599541896,-0.456008064187707,0.65077984628933,0.921268255205492,-5.71437535841551
"MECP2","202617_s_at","methyl CpG binding protein 2 (Rett syndrome)",0.165387492,"0,001082264","TC0X00011185.hg.1",-0.0613737782911585,6.58746634543899,-0.979561378058225,0.33302237917078,0.787440577908586,-5.36859002169454
"MED6","207078_at","mediator complex subunit 6",-0.261673531,"0,004404355","TC1400010768.hg.1",0.108035306104183,7.76653562427895,1.57414270728508,0.123106501122248,0.607838349291098,-4.6900942735719
"MEGF9","212831_at","multiple EGF-like-domains 9",0.26530666,"0,002032823","TC0900011379.hg.1",0.456425417418345,8.62381933531754,2.90441412009422,0.00589244240320465,0.280160916692914,-2.25715702634868
"METTL1","204027_s_at","methyltransferase like 1",-0.276513299,"0,001125912","TC1200012815.hg.1",-0.236722904990743,5.42214130313286,-3.03888641074477,0.00411293187817754,0.254142933409332,-1.95543069154096
"MGAT5","206720_at","'mannosyl (alpha-1,6-)-glycoprotein beta-1,6-N-acetyl- glucosaminyltransferase'",0.841171889,"0,000254123","TC0200009402.hg.1",-0.0726406742938505,8.10005929710677,-0.636484390407282,0.527982818705763,0.882171206785258,-5.62300678001199
"MICAL3","212715_s_at","'microtubule associated monoxygenase, calponin and LIM domain containing 3'",-0.239217707,"0,005253409","TC2200007909.hg.1",-0.0878846486947498,6.57199706739956,-0.810284291360621,0.422434538975697,0.831784180249521,-5.50716690388247
"MICAL3","212715_s_at","'microtubule associated monoxygenase, calponin and LIM domain containing 3'",-0.239217707,"0,005253409","TC2200007910.hg.1",-0.0567023740603134,4.81488567537696,-0.363981256034112,0.717734118664106,0.939643997125702,-5.7494695652136
"MLANA","206427_s_at","melan-A",0.27287048,"0,005659764","TC0900006569.hg.1",-0.00420035826750676,5.0117852375615,-0.0511993264437951,0.959414224083985,0.992155180513512,-5.81002685135953
"MLLT10","216503_s_at","'myeloid/lymphoid or mixed-lineage leukemia (trithorax homolog, Drosophila); translocated to, 10'",0.308260764,"0,008972445","TC1000006975.hg.1",-0.0054298125779795,7.48762883066762,-0.0528895638767619,0.958075629246175,0.992155180513512,-5.80994466822563
"MSR1","214770_at","macrophage scavenger receptor 1",1.155707168,"1,03419E-06","TC0800012389.hg.1",0.27803291955786,4.83475671436931,1.33638742878026,0.188759869488837,0.685163482929884,-4.99606781728882
"MSR1","208423_s_at","macrophage scavenger receptor 1",0.517802645,"0,000761855","TC0800012389.hg.1",0.27803291955786,4.83475671436931,1.33638742878026,0.188759869488837,0.685163482929884,-4.99606781728882
"MYH6","214468_at","myosin, heavy chain 6, cardiac muscle, alpha",0.778105799,"0,001036691","TC1400008716.hg.1",0.0748773659897006,4.44294590787485,0.988258873489334,0.328796960619066,0.785942043045687,-5.3607943336421
"MYO5A","204527_at","myosin VA (heavy chain 12, myoxin)",0.201004588,"0,004103067","TC1500009457.hg.1",0.102898137195262,8.1093698187535,1.35426358430668,0.183036923175802,0.677161754023198,-4.97462706355641
"MYO6","203215_s_at","myosin VI",0.356675766,"0,007699807","TC0600008569.hg.1",0.285761497066512,4.10293730475362,2.09434135359295,0.0424247757892681,0.458083717349419,-3.87302526146162
"MYO6","203215_s_at","myosin VI",0.356675766,"0,007699807","TC0600008571.hg.1",0.089781160932382,5.38784078756949,0.953003009348233,0.346148923136456,0.795851177736584,-5.39198887650843
"NBL1","37005_at","neuroblastoma, suppression of tumorigenicity 1",-0.320804176,"0,007092559","TC0100018186.hg.1",0.0561083830805255,6.19277619422825,0.699349117621928,0.488265314889457,0.863814080985307,-5.58423482356798
"NF1","211914_x_at","neurofibromin 1",0.321772784,"0,004743772","TC1700007478.hg.1",0.264914962528302,7.26439737896271,2.5210505637015,0.0156653401214108,0.351305009946852,-3.06822582253988
"NMT2","215743_at","N-myristoyltransferase 2",-0.261777588,"0,009039357","TC1000009880.hg.1",0.0689790107670095,7.25323062794761,0.730736745428703,0.46907712805573,0.853129016151222,-5.56354543957849
"NOL9","218754_at","nucleolar protein 9",-0.197077728,"0,001319467","TC0100012687.hg.1",-0.184402217393752,7.17573452693294,-1.64510346241115,0.107561176663738,0.58593473261779,-4.59024826079551
"NOP14","214661_s_at","NOP14 nucleolar protein homolog (yeast)",-0.229819539,"0,001565629","TC0400009791.hg.1",-0.0225141330244581,7.59681700749827,-0.44829613708816,0.656289275097206,0.921808857818528,-5.71761576135441
"NPM3","205129_at","nucleophosmin/nucleoplasmin, 3",-0.2679823,"0,001891157","TC1000011658.hg.1",0.0479971352848596,6.05886104807544,0.532870702407039,0.59698701624923,0.905909888079481,-5.67909715643711
"NR4A2","204621_s_at","nuclear receptor subfamily 4, group A, member 2",0.604488377,"1,84149E-05","TC0200014672.hg.1",0.756176599305401,6.41918926634746,2.16774377151735,0.0360105653140247,0.435987595231732,-3.74265890371479
"NRG1","208241_at","neuregulin 1",0.803389569,"0,002129758","TC0800007221.hg.1",0.333667568814375,4.42962384591215,2.17538925451952,0.0353944331419214,0.433226092458935,-3.72887918815867
"NUAK1","204589_at","NUAK family, SNF1-like kinase, 1",0.518721613,"0,007100007","TC1200011786.hg.1",0.207958368809093,4.71215061162384,1.87187283525615,0.068337943752581,0.510078376791434,-4.24606335836243
"NUCKS1","222027_at","CDNA clone IMAGE:4513453",-0.254979345,"0,004939806","TC0100017075.hg.1",0.106895600502883,8.70219515148249,1.90187705577552,0.0641977556082073,0.507587133955593,-4.19774423015991
"NUDT6","220183_s_at","nudix (nucleoside diphosphate linked moiety X)-type motif 6",0.295527592,"0,009014013","TC0400012961.hg.1",0.138914291099292,4.61796424631851,1.75910509772296,0.0859880559106873,0.544490696352903,-4.42192037400921
"NUP50","218295_s_at","nucleoporin 50kDa",0.193682438,"0,006739229","TC2200007607.hg.1",0.123879634936208,8.986190296296,1.46814679069929,0.149661355340593,0.63826581316989,-4.8320145281613
"OSBPL1A","209485_s_at","oxysterol binding protein-like 1A",0.231186115,"0,008638068","TC1800008301.hg.1",0.135057724545479,6.29271650129261,1.90027778463341,0.0644128921849163,0.508196089192028,-4.20033570098506
"PAICS","201013_s_at","'phosphoribosylaminoimidazole carboxylase, phosphoribosylaminoimidazole succinocarboxamide synthetase'",-0.20799853,"0,000498347","TC0400007592.hg.1",0.0931420526813177,6.43441409111984,0.788777692130758,0.434759431931654,0.838020562792606,-5.52296541673272
"PASK","213534_s_at","PAS domain containing serine/threonine kinase",-0.357270414,"0,002789842","TC0200016345.hg.1",-0.025536619895508,6.52088352870947,-0.30173266665523,0.764374343214249,0.949893326057726,-5.76877138945191
"PASK","216945_x_at","PAS domain containing serine/threonine kinase",-0.337753651,"0,001511612","TC0200016345.hg.1",-0.025536619895508,6.52088352870947,-0.30173266665523,0.764374343214249,0.949893326057726,-5.76877138945191
"PCBP1","208620_at","poly(rC) binding protein 1",0.161605136,"0,004160509","TC0200007943.hg.1",0.0813706062092344,8.52651172285684,1.26775191673533,0.212007727646594,0.704245520818834,-5.0759728578057
"PCDH17","205656_at","protocadherin 17",0.475701043,"0,008836367","TC1300007312.hg.1",-0.106319048106477,4.4735870630856,-1.5851878645626,0.120573531945069,0.603688036086049,-4.67480543347459
"PCDHGC3","214563_at","protocadherin gamma subfamily C, 3",0.549977929,"0,009950263","TC0500008890.hg.1",0.020408057145738,4.92667678479144,0.277592262722166,0.782714186233069,0.953610727036625,-5.77529015157995
"PCNX","213159_at","pecanex homolog (Drosophila)",0.225181822,"0,001718209","TC1400007588.hg.1",0.0413960527476722,10.0854393023391,0.532371741850249,0.597329381079162,0.905909888079481,-5.67934360839994
"PCTP","218676_s_at","phosphatidylcholine transfer protein",0.23107584,"0,001200463","TC1700008342.hg.1",0.139750051517837,6.94958793631877,1.27276462260944,0.210240300499535,0.702248105448412,-5.07026763340531
"PDE4A","211591_s_at","'phosphodiesterase 4A, cAMP-specific (phosphodiesterase E2 dunce homolog, Drosophila)'",-0.754059002,"0,001768511","TC1900006985.hg.1",0.0522355957943696,6.77880704684539,0.563282935782489,0.576296525741013,0.899855024762942,-5.66364659109015
"PDLIM5","211680_at","PDZ and LIM domain 5",-0.396531642,"0,003498029","TC0400008175.hg.1",0.0945545501308406,9.09156112599594,1.29161431224672,0.203693007317095,0.696587628260737,-5.04862914230568
"PDXDC1","212053_at","pyridoxal-dependent decarboxylase domain containing 1",0.113427359,"0,004833681","TC1600007007.hg.1",-0.0176752088227812,8.08182046397367,-0.252505496020518,0.801906438311489,0.957514412206048,-5.78149105930226
"PEX11B","202658_at","peroxisomal biogenesis factor 11 beta",-0.165482477,"0,001430496","TC0100018476.hg.1",-0.154764217276901,7.27060947857348,-1.76256671180501,0.0853941924373318,0.544490696352903,-4.41665896808219
"PHIP","212542_s_at","pleckstrin homology domain interacting protein",0.152145075,"0,009876101","TC0600012358.hg.1",0.249123900385571,8.66777828823659,2.77050828559791,0.00835968967112777,0.311002105770346,-2.54906289802519
"PIK3C2B","204484_at","phosphoinositide-3-kinase, class 2, beta polypeptide",-0.371678816,"0,000339617","TC0100017030.hg.1",0.0651311803416942,4.78576162846688,0.753889363827417,0.455204689351601,0.845085092889316,-5.54771857545441
"PIK3C2B","204484_at","phosphoinositide-3-kinase, class 2, beta polypeptide",-0.371678816,"0,000339617","TC0100017029.hg.1",-0.136081778259115,6.08019788594184,-1.18439313388734,0.243048199095511,0.728303896103246,-5.16780195847428
"PLOD1","200827_at","procollagen-lysine 1, 2-oxoglutarate 5-dioxygenase 1",0.267136643,"0,00734353","TC0100006874.hg.1",0.100739463707212,8.1776536645732,1.49170102608933,0.143398706920445,0.631859831454801,-4.80123435234267
"POU2AF1","205267_at","POU class 2 associating factor 1",-0.265196778,"0,007492213","TC1100013224.hg.1",-0.181729368090569,7.20181475710515,-1.8870152313853,0.0662208757127277,0.508685764192574,-4.22175717962069
"POU2AF1","205267_at","POU class 2 associating factor 1",-0.265196778,"0,007492213","TC1100013225.hg.1",0.012703268527852,4.09095675855585,0.193079769579462,0.847845593291861,0.970147092995773,-5.79384449604624
"PPP1R3D","204555_s_at","protein phosphatase 1, regulatory (inhibitor) subunit 3D",0.424983905,"0,002346258","TC2000009674.hg.1",0.0334067381988791,6.23701764546347,0.485192240615652,0.630111144756425,0.914690816443656,-5.70161818513977
"PPP1R9A","221088_s_at","protein phosphatase 1, regulatory (inhibitor) subunit 9A",0.517078015,"0,008467344","TC0700008375.hg.1",0.0120822596374549,4.3223664652145,0.189251943240193,0.85082501022521,0.970876451367747,-5.7945275187332
"PTPRR","210675_s_at","protein tyrosine phosphatase, receptor type, R",0.455559093,"0,007394684","TC1200011246.hg.1",-0.0766814395192098,4.08076387427791,-0.818068441286414,0.418026450597951,0.830242934514166,-5.50134757705345
"PUS1","218670_at","pseudouridylate synthase 1",-0.302994779,"0,002821509","TC1200009459.hg.1",-0.0140214972033283,6.37836605560975,-0.226224150993042,0.822146167080155,0.962674646165407,-5.78735974369296
"RAI14","202052_s_at","retinoic acid induced 14",-0.90848263,"0,000991565","TC0500007114.hg.1",-0.0729534595784592,4.58564478129373,-1.18469123089696,0.242931578873071,0.728303896103246,-5.16748386735276
"RAI14","202052_s_at","retinoic acid induced 14",-0.90848263,"0,000991565","TC0500007115.hg.1",-0.0187769880329757,7.22950780790985,-0.287980019938599,0.774806405100721,0.951274019319793,-5.7725513868784
"RAP2A","214103_s_at","'RAP2A, member of RAS oncogene family, mRNA (cDNA clone MGC:41795 IMAGE:5278625)'",0.600783638,"0,002409283","TC1300007780.hg.1",0.285515718992665,7.38606257657242,2.29202248139158,0.027086975263335,0.403871248980529,-3.51407282318799
"RBM15B","202689_at","RNA binding motif protein 15B",0.162810206,"0,001039642","TC0300007438.hg.1",-0.0288107813784918,7.80925234173343,-0.528877970298773,0.599729242566111,0.906752692760363,-5.68106291708108
"RBP3","210318_at","retinol binding protein 3, interstitial",-0.833439145,"0,001123025","TC1000007545.hg.1",0.0330246828307928,4.18824816907212,0.402066812391429,0.689714066076048,0.932487644374994,-5.73589288345429
"RPS2","217466_x_at","ribosomal protein S2",-0.207198853,"0,004517758","TC1600009077.hg.1",-0.0949743046898082,10.5294759053724,-1.51476069631166,0.137471222685714,0.62487447094991,-4.77067938653472
"RPS28","208903_at","ribosomal protein S28",-0.194196541,"0,005182963","TC1900006890.hg.1",-0.244236213433023,10.11356441824,-2.75637521635822,0.00866971519546171,0.311002105770346,-2.57935183509879
"RPS28","208903_at","ribosomal protein S28",-0.194196541,"0,005182963","TC1100008612.hg.1",-0.202203468346844,10.5922152613024,-2.45204414782468,0.0185314569460344,0.364421481616019,-3.2057976273464
"RRBP1","201203_s_at","ribosome binding protein 1 homolog 180kDa (dog)",1.128271592,"0,001238956","TC2000008499.hg.1",-0.00932567730261982,7.30294573642563,-0.140237797928879,0.889155772982495,0.980657413664202,-5.80206639946969
"RRBP1","201203_s_at","ribosome binding protein 1 homolog 180kDa (dog)",1.128271592,"0,001238956","TC2000008500.hg.1",-0.1217178536259,6.01639463564214,-1.21805239786757,0.230136745543096,0.71797859602085,-5.13141664211652
"RRBP1","201206_s_at","ribosome binding protein 1 homolog 180kDa (dog)",0.466774857,"0,006651951","TC2000008499.hg.1",-0.00932567730261982,7.30294573642563,-0.140237797928879,0.889155772982495,0.980657413664202,-5.80206639946969
"RRBP1","201206_s_at","ribosome binding protein 1 homolog 180kDa (dog)",0.466774857,"0,006651951","TC2000008500.hg.1",-0.1217178536259,6.01639463564214,-1.21805239786757,0.230136745543096,0.71797859602085,-5.13141664211652
"RUFY3","210251_s_at","RUN and FYVE domain containing 3",0.201019286,"0,003459629","TC0400007789.hg.1",0.365933988121589,6.00045646496668,2.65795734969939,0.0111415918944054,0.326185562418439,-2.78741517457599
"S1PR2","208537_at","sphingosine-1-phosphate receptor 2",0.662172135,"0,004500845","TC1900011861.hg.1",0.0105408865289482,5.86943729792352,0.143748450640219,0.886400223493136,0.979873154978776,-5.80160090386546
"SAP30","213963_s_at","'Sin3A-associated protein, 30kDa, mRNA (cDNA clone  MGC:13685 IMAGE:4074154)'",0.358965223,"0,002763904","TC0400009330.hg.1",0.189507474138628,6.32854200967028,2.04165481614984,0.0476266690613611,0.475785930511727,-3.96441202724706
"SATB2","213435_at","SATB homeobox 2",0.66594766,"0,000365439","TC0200015364.hg.1",0.137055426957746,6.00878051285676,1.94469240528213,0.0586626686831434,0.498689827123601,-4.12770158577311
"SEMA3C","203788_s_at","'sema domain, immunoglobulin domain (Ig), short basic domain, secreted, (semaphorin) 3C'",0.396970511,"0,001189937","TC0700011626.hg.1",0.232596370105814,5.56982144483796,1.58712861820142,0.120132859892178,0.603365787981509,-4.67210936139277
"SEPT6","212413_at","septin 6",-0.184567146,"0,00954606","TC0X00010643.hg.1",-0.0829638444908606,10.1032398360565,-1.23068354711952,0.225424274372776,0.714872083486621,-5.11751929410203
"SEPT6","213666_at","septin 6",-0.275134841,"0,000853423","TC0X00010643.hg.1",-0.0829638444908606,10.1032398360565,-1.23068354711952,0.225424274372776,0.714872083486621,-5.11751929410203
"SFRP5","207468_s_at","secreted frizzled-related protein 5",-0.873636533,"0,004315849","TC1000011563.hg.1",-0.0205312025346965,4.92891847881691,-0.210675104873141,0.834179768613048,0.965957311245256,-5.79052930312973
"SGTA","201396_s_at","'small glutamine-rich tetratricopeptide repeat (TPR)-containing, alpha'",-0.293906954,"0,002664609","TC1900009254.hg.1",-0.224419086568604,7.69508476822643,-3.54170757459356,0.00100370754095755,0.153881975622569,-0.760223940506908
"SIN3B","39705_at","SIN3 homolog B, transcription regulator (yeast)",-0.262877794,"0,001580746","TC1900007297.hg.1",-0.151580436176537,6.24504747609176,-1.94244134296078,0.0589431074533276,0.498689827123601,-4.13141591547944
"SLC22A17","218675_at","solute carrier family 22, member 17",-1.062766292,"0,001385286","TC1400008714.hg.1",-0.112779903061393,7.42396264621967,-1.80250952284985,0.0787870595941336,0.531351802128717,-4.35531757667382
"SLC25A20","203658_at","'solute carrier family 25 (carnitine/acylcarnitine translocase), member 20'",0.338656917,"0,00013186","TC0300011038.hg.1",0.0486826466561952,6.72189634849101,0.557387188247129,0.580280099028691,0.900760947124236,-5.66670777211462
"SLC9A5","220650_s_at","solute carrier family 9 (sodium/hydrogen exchanger), member 5",-0.717043099,"0,000525664","TC1600011412.hg.1",-0.0545176791374605,6.01022400204424,-0.69600906428254,0.490332730149214,0.865256478846022,-5.58638437114796
"SMAD1","210993_s_at","SMAD family member 1",0.242243261,"0,006756001","TC0400008909.hg.1",0.129579997951414,4.54888064470874,1.38658392329841,0.173029478755725,0.668576740745369,-4.93520706742121
"SMAD9","206320_s_at","SMAD family member 9",-0.393509714,"0,009900105","TC1300008626.hg.1",-0.217858010508572,5.89118343266696,-3.24473900050239,0.00233653171015477,0.213485834183888,-1.47812881534616
"SNRNP70","201221_s_at","small nuclear ribonucleoprotein 70kDa (U1)",-0.3146288,"0,002473321","TC1900008522.hg.1",-0.107356153616361,9.70421213351831,-1.25589891083905,0.216231207836946,0.706277121028565,-5.08938111702545
"SOCS7","214015_at","suppressor of cytokine signaling 7",0.934011822,"0,00013723","TC1700007702.hg.1",-0.085489575350158,6.94705257186834,-1.20232692399558,0.236104639787634,0.723857472614046,-5.14853323398538
"SON","201085_s_at","SON DNA binding protein",0.234788726,"0,000228818","TC2100006974.hg.1",-0.084117173624564,8.96246355714862,-1.17322627903418,0.247446273772048,0.730854465705796,-5.17966424302052
"SOS2","217644_s_at","son of sevenless homolog 2 (Drosophila)",0.20192813,"0,006787288","TC1400009123.hg.1",0.356044444804776,7.57698229791926,3.0170196619379,0.00436294940562873,0.258280731465902,-2.00505767145955
"SP100","202864_s_at","SP100 nuclear antigen",0.186197954,"0,002966928","TC0200011023.hg.1",0.0724255478621247,8.82008559051466,0.707440723348441,0.48327706356488,0.861278709468488,-5.57898577158723
"SPON1","213994_s_at","spondin 1, extracellular matrix protein",-0.305667183,"0,007132784","TC1100006911.hg.1",-0.0732447402377427,4.57122617855416,-0.907085051434664,0.369639098617797,0.807301564970835,-5.43099602415073
"SPTLC2","216202_s_at","serine palmitoyltransferase, long chain base subunit 2",0.254967789,"0,008942523","TC1400009787.hg.1",0.376565129131151,9.14303662650539,2.50989107276293,0.0160996075261711,0.356588617618355,-3.09065739774585
"SPTLC2","203127_s_at","serine palmitoyltransferase, long chain base subunit 2",0.217472996,"0,006171437","TC1400009787.hg.1",0.376565129131151,9.14303662650539,2.50989107276293,0.0160996075261711,0.356588617618355,-3.09065739774585
"SQRDL","217995_at","sulfide quinone reductase-like (yeast)",0.165335372,"0,009812184","TC1500010737.hg.1",0.150007509493997,8.13341802362201,2.37768340500434,0.0221454230444899,0.382075551028537,-3.35095285510542
"ST3GAL6","213335_s_at","ST3 beta-galactoside alpha-2,3-sialyltransferase 6",0.247035772,"0,005658616","TC0300013852.hg.1",0.258442110110275,6.61688935204099,2.18020581670349,0.035011081638774,0.431869152761133,-3.72017885803283
"SYT11","209197_at","synaptotagmin XI",0.206494795,"0,003374913","TC0100010140.hg.1",0.162946410478736,8.26268926282433,1.24406873728497,0.220508851269043,0.710560059167759,-5.10264802426078
"TBC1D8","221592_at","TBC1 domain family, member 8 (with GRAM domain)",0.352432876,"0,000247568","TC0200016717.hg.1",-0.0365686701651347,6.72946268764811,-0.330731033496725,0.742524518694552,0.943992344884268,-5.76022618424784
"TBL1Y","211462_s_at","transducin (beta)-like 1Y-linked",0.758743686,"0,00862459","TC0Y00006525.hg.1",0.060778596541343,4.12448837214507,0.89786396260504,0.374477497324523,0.809979962230745,-5.43860716313841
"TCF3","209153_s_at","'transcription factor 3 (E2A immunoglobulin enhancer binding factors E12/E47)'",-0.328005864,"8,6175E-05","TC1900009176.hg.1",-0.109880280482107,7.96206635719695,-1.55666138820475,0.127203342877814,0.613296208215332,-4.71410054968682
"TCF7","205254_x_at","transcription factor 7 (T-cell specific, HMG-box)",-0.289171917,"0,004978627","TC0500008684.hg.1",-0.210514796747441,8.78874234858427,-1.67937344725694,0.100651825204338,0.572427591880441,-4.54066420844305
"TCL1A","209995_s_at","T-cell leukemia/lymphoma 1A",-0.459081297,"0,009247181","TC1400010085.hg.1",-0.199697045980196,7.35042247155893,-1.12297839132646,0.267950914234402,0.746967882117514,-5.23174548092165
"TGM4","206260_at","transglutaminase 4 (prostate)",-0.609864058,"0,001394993","TSUnmapped00000172.hg.1",-0.0455611616130011,4.05588107751947,-0.43543460747087,0.665520733891618,0.925650464890694,-5.7228982536056
"TGM4","206260_at","transglutaminase 4 (prostate)",-0.609864058,"0,001394993","TSUnmapped00000116.hg.1",0.0424814206811673,4.10158678687302,0.753626930586037,0.455360579352364,0.845085092889316,-5.54790065704006
"TGM4","206260_at","transglutaminase 4 (prostate)",-0.609864058,"0,001394993","TSUnmapped00000060.hg.1",-0.00875354849850177,4.42254656955786,-0.121221082873161,0.904105471196085,0.98394125501919,-5.80438808569955
"TGM4","206260_at","transglutaminase 4 (prostate)",-0.609864058,"0,001394993","TSUnmapped00000081.hg.1",-0.205870828824738,4.83354186330017,-2.48274277872776,0.0172022354557385,0.359359863313816,-3.14493282306948
"TGM4","206260_at","transglutaminase 4 (prostate)",-0.609864058,"0,001394993","TC0300007226.hg.1",-0.136741301408799,4.43173560869723,-1.55954171408413,0.126520851467995,0.612329781676699,-4.71016132390574
"TLE4","216997_x_at","'transducin-like enhancer of split 4 (E(sp1) homolog, Drosophila)'",0.28446533,"0,006431176","TC0900007680.hg.1",0.229513230547218,8.47173212084875,2.58547339234977,0.013360606833219,0.338501942908628,-2.93736775008261
"TMEM204","219315_s_at","transmembrane protein 204",-0.339640135,"0,003303077","TC1600006550.hg.1",-0.387205349072911,6.66303131195578,-3.64786560913447,0.000736442604840908,0.13717549951436,-0.496124361028337
"TMPRSS2","211689_s_at","transmembrane protease, serine 2",0.82754955,"0,000488075","TC2100008569.hg.1",-0.0166796916091879,6.81295191019233,-0.244079475445413,0.808381194922602,0.958876496412918,-5.78344256949644
"TMPRSS2","211689_s_at","transmembrane protease, serine 2",0.82754955,"0,000488075","TC2100008568.hg.1",-0.0369852949892081,5.99461398825748,-0.71476737425611,0.478785237391301,0.859231689130816,-5.57418222606356
"TNFAIP3","202643_s_at","tumor necrosis factor, alpha-induced protein 3",0.214012268,"0,001796675","TC0600009597.hg.1",0.764937772022858,10.5781027311245,2.66364713057216,0.0109826270192378,0.326185562418439,-2.77552482373618
"TNFRSF25","219423_x_at","tumor necrosis factor receptor superfamily, member 25",-0.268879203,"0,003584038","TC0100018398.hg.1",-0.279854422177931,7.93049512670278,-2.7243152401415,0.00941287358719016,0.32079022697156,-2.647681971745
"TNFRSF25","210847_x_at","tumor necrosis factor receptor superfamily, member 25",-0.333481749,"0,000503277","TC0100018398.hg.1",-0.279854422177931,7.93049512670278,-2.7243152401415,0.00941287358719016,0.32079022697156,-2.647681971745
"TNPO1","209226_s_at","transportin 1",0.146621612,"0,000226022","TC0500007754.hg.1",-0.015513723155595,8.55524301595552,-0.267571124919249,0.790365009087761,0.95507792014156,-5.77783729531007
"TOX","204530_s_at","thymocyte selection-associated high mobility group box",0.364166554,"0,000241607","TC0800010558.hg.1",0.123996064599257,7.77866548324653,1.17250699179493,0.247731533660549,0.730854465705796,-5.18042474542076
"TRMT61A","221907_at","tRNA methyltransferase 61 homolog A (S. cerevisiae)",-0.405044177,"0,008245226","TC1400008406.hg.1",-0.0129818895300085,5.79864002278026,-0.16461970272052,0.870048687703871,0.97513585654885,-5.79859617136712
"TSPAN31","203226_s_at","tetraspanin 31",-0.158389563,"0,007424552","TC1200007897.hg.1",-0.0223745874207138,7.20754262780163,-0.322075955719013,0.74902443551157,0.945908847586388,-5.76285824853944
"TSSK2","217275_at","testis-specific serine kinase 2",0.76170441,"0,003252926","TC2200006587.hg.1",-0.0186671328697099,4.75323762999424,-0.269798918424026,0.788662317646479,0.95507792014156,-5.77727910466902
"TTLL7","219882_at","tubulin tyrosine ligase-like family, member 7",0.656157914,"0,002062414","TC0100014743.hg.1",0.119648845177839,4.30586360288294,0.839313631990705,0.406139251170543,0.825024737138245,-5.48519187662922
"URB1","212996_s_at","URB1 ribosome biogenesis 1 homolog (S. cerevisiae)",-0.312788713,"0,000625819","TC2100007952.hg.1",-0.192766286470577,5.90806029061143,-3.08187725795483,0.00366017578199417,0.244239821834612,-1.85724353054581
"USP22","216964_at","'Ubiquitin specific peptidase 22, mRNA (cDNA clone IMAGE:3629270)'",-0.378087818,"0,001607975","TC1700010076.hg.1",-0.16873837863811,8.74074107533317,-2.50490761985677,0.0162970565925668,0.357369758565001,-3.10065182679699
"VCAN","211571_s_at","versican",0.381173514,"0,005617021","TC0500007972.hg.1",0.555770023777171,10.4955962736211,2.77109822685021,0.00834697484369693,0.311002105770346,-2.54779637623607
"VCAN","215646_s_at","versican",0.427562571,"0,001805152","TC0500007972.hg.1",0.555770023777171,10.4955962736211,2.77109822685021,0.00834697484369693,0.311002105770346,-2.54779637623607
"VPREB3","220068_at","pre-B lymphocyte 3",-0.468239933,"0,002679446","TC2200008183.hg.1",-0.368322571006269,5.50341005771528,-3.2654540878804,0.00220517340949047,0.208868021733467,-1.42912813460078
"WDR82","201934_at","WD repeat domain 82",-0.12685142,"0,007916491","TC0300011158.hg.1",0.0201350426147862,9.64307582114502,0.251891850001169,0.802377508803608,0.957552614708856,-5.78163541145228
"XYLB","208317_at","xylulokinase homolog (H. influenzae)",-0.473168793,"0,004514817","TC0300013807.hg.1",-0.230299883959359,5.42683640215233,-2.37707655848139,0.0221773665117945,0.382075551028537,-3.35212400477443
"ZBTB38","219221_at","zinc finger and BTB domain containing 38",0.274887587,"0,008085445","TC0300008999.hg.1",0.143794487786848,8.81363652417651,0.818364282100796,0.41785947460186,0.830242934514166,-5.50112535101628
"ZCWPW1","220618_s_at","zinc finger, CW type with PWWP domain 1",-0.209039313,"0,00560885","TC0700011998.hg.1",-0.0800030229875295,5.14309047019565,-1.07642135601355,0.288004484025447,0.763561852791827,-5.27809625653641
"ZDHHC11","221646_s_at","zinc finger, DHHC-type containing 11",-0.366155397,"0,007089167","TC0500013282.hg.1",-0.306350596204933,4.52056912751798,-3.11323102514863,0.00336005213118492,0.241217075814549,-1.78512560666944
"ZNF143","206428_s_at","zinc finger protein 143",0.610233111,"0,003051507","TC1100006812.hg.1",0.130164009284418,8.63477043977347,1.88789374916742,0.0660997874946835,0.508685764192574,-4.22034203912048
"ZNF500","213639_s_at","zinc finger protein 500",-0.189088168,"0,004608711","TC1600011476.hg.1",-0.056651193257868,5.23818784430632,-0.751162723980087,0.45682588085326,0.845800585608197,-5.54960737329344
"ZNF500","41113_at","zinc finger protein 500",-0.206899358,"0,006780245","TC1600011476.hg.1",-0.056651193257868,5.23818784430632,-0.751162723980087,0.45682588085326,0.845800585608197,-5.54960737329344
"ZNF609","212617_at","zinc finger protein 609",-0.212939688,"0,007767226","TC1500007554.hg.1",-0.019331100864061,8.32301389072217,-0.286677966285558,0.775796298902367,0.951391732879794,-5.77290016865564
"ZNF652","205594_at","zinc finger protein 652",-0.498121115,"0,000419955","TC1700011038.hg.1",0.0328911255894014,8.83332756277451,0.500318763576125,0.619513896212188,0.914179213300859,-5.69469854151083
"ZNF669","220215_at","zinc finger protein 669",-0.183876496,"0,004157883","TC0100018088.hg.1",-0.0496793029365716,4.92519653308472,-0.636759463066486,0.527805380165335,0.882171206785258,-5.62284490033559
"ZNF771","221968_s_at","Zinc finger protein 771 (ZNF771), transcript variant 2, mRNA",-0.933094787,"0,002504067","TC1600011381.hg.1",-0.00489756428034061,5.75402278787389,-0.06886066468217,0.945433801885299,0.99164209820889,-5.80903638126728
"ZZEF1","207190_at","zinc finger, ZZ-type with EF-hand domain 1",0.169781547,"0,003294357","TC1700009500.hg.1",0.0374995666773787,6.54555960990519,0.347921661446452,0.729671159904751,0.941989287969334,-5.75479266807133
